[{"id":1,"patient_id":209,"lead_id":210,"schedule_id":57027,"schedule_date":"2021-11-14T18:30:00.000Z","medical_equipment_rate":250,"medical_equipment_amount":0,"tax_rate":0,"invoice_status":"Billed","created_at":"2021-11-15T13:32:15.000Z"},{"id":2,"patient_id":158,"lead_id":159,"schedule_id":98969,"schedule_date":"2021-12-20T18:30:00.000Z","medical_equipment_rate":7500,"medical_equipment_amount":0,"tax_rate":0,"invoice_status":"Pending","created_at":"2021-12-21T10:42:57.000Z"},{"id":3,"patient_id":281,"lead_id":282,"schedule_id":110564,"schedule_date":"2021-12-20T18:30:00.000Z","medical_equipment_rate":2000,"medical_equipment_amount":0,"tax_rate":0,"invoice_status":"Pending","created_at":"2021-12-21T10:46:37.000Z"},{"id":4,"patient_id":32,"lead_id":32,"schedule_id":111616,"schedule_date":"2021-12-20T18:30:00.000Z","medical_equipment_rate":6000,"medical_equipment_amount":0,"tax_rate":0,"invoice_status":"Pending","created_at":"2021-12-21T10:50:49.000Z"},{"id":5,"patient_id":32,"lead_id":32,"schedule_id":111616,"schedule_date":"2021-12-20T18:30:00.000Z","medical_equipment_rate":6500,"medical_equipment_amount":0,"tax_rate":0,"invoice_status":"Pending","created_at":"2021-12-21T10:51:21.000Z"},{"id":6,"patient_id":158,"lead_id":159,"schedule_id":98971,"schedule_date":"2021-12-22T18:30:00.000Z","medical_equipment_rate":1000,"medical_equipment_amount":0,"tax_rate":0,"invoice_status":"Pending","created_at":"2021-12-23T21:13:55.000Z"},{"id":7,"patient_id":281,"lead_id":282,"schedule_id":110566,"schedule_date":"2021-12-22T18:30:00.000Z","medical_equipment_rate":1000,"medical_equipment_amount":0,"tax_rate":0,"invoice_status":"Pending","created_at":"2021-12-23T21:14:19.000Z"},{"id":8,"patient_id":281,"lead_id":282,"schedule_id":110596,"schedule_date":"2022-01-21T18:30:00.000Z","medical_equipment_rate":2000,"medical_equipment_amount":0,"tax_rate":0,"invoice_status":"Billed","created_at":"2022-01-22T12:38:59.000Z"},{"id":9,"patient_id":281,"lead_id":282,"schedule_id":110596,"schedule_date":"2022-01-21T18:30:00.000Z","medical_equipment_rate":1000,"medical_equipment_amount":0,"tax_rate":0,"invoice_status":"Billed","created_at":"2022-01-22T12:39:12.000Z"},{"id":10,"patient_id":32,"lead_id":32,"schedule_id":111648,"schedule_date":"2022-01-21T18:30:00.000Z","medical_equipment_rate":6500,"medical_equipment_amount":0,"tax_rate":0,"invoice_status":"Billed","created_at":"2022-01-22T12:39:58.000Z"},{"id":11,"patient_id":32,"lead_id":32,"schedule_id":111648,"schedule_date":"2022-01-21T18:30:00.000Z","medical_equipment_rate":6000,"medical_equipment_amount":0,"tax_rate":0,"invoice_status":"Billed","created_at":"2022-01-22T12:40:10.000Z"},{"id":12,"patient_id":158,"lead_id":159,"schedule_id":115366,"schedule_date":"2022-01-21T18:30:00.000Z","medical_equipment_rate":7500,"medical_equipment_amount":0,"tax_rate":0,"invoice_status":"Billed","created_at":"2022-01-22T12:40:43.000Z"},{"id":13,"patient_id":158,"lead_id":159,"schedule_id":115366,"schedule_date":"2022-01-21T18:30:00.000Z","medical_equipment_rate":1000,"medical_equipment_amount":0,"tax_rate":0,"invoice_status":"Billed","created_at":"2022-01-22T12:40:53.000Z"},{"id":14,"patient_id":306,"lead_id":307,"schedule_id":95846,"schedule_date":"2022-01-24T18:30:00.000Z","medical_equipment_rate":500,"medical_equipment_amount":0,"tax_rate":0,"invoice_status":"Billed","created_at":"2022-01-25T22:04:08.000Z"},{"id":15,"patient_id":306,"lead_id":307,"schedule_id":95847,"schedule_date":"2022-01-25T18:30:00.000Z","medical_equipment_rate":500,"medical_equipment_amount":0,"tax_rate":0,"invoice_status":"Billed","created_at":"2022-01-26T20:14:09.000Z"},{"id":16,"patient_id":306,"lead_id":307,"schedule_id":95848,"schedule_date":"2022-01-26T18:30:00.000Z","medical_equipment_rate":500,"medical_equipment_amount":0,"tax_rate":0,"invoice_status":"Billed","created_at":"2022-01-27T17:14:17.000Z"},{"id":17,"patient_id":164,"lead_id":165,"schedule_id":88731,"schedule_date":"2022-01-28T18:30:00.000Z","medical_equipment_rate":500,"medical_equipment_amount":0,"tax_rate":0,"invoice_status":"Pending","created_at":"2022-01-29T22:35:20.000Z"},{"id":18,"patient_id":281,"lead_id":282,"schedule_id":120746,"schedule_date":"2022-02-22T18:30:00.000Z","medical_equipment_rate":2000,"medical_equipment_amount":0,"tax_rate":0,"invoice_status":"Pending","created_at":"2022-02-23T12:09:25.000Z"},{"id":19,"patient_id":281,"lead_id":282,"schedule_id":120746,"schedule_date":"2022-02-22T18:30:00.000Z","medical_equipment_rate":1000,"medical_equipment_amount":0,"tax_rate":0,"invoice_status":"Pending","created_at":"2022-02-23T12:09:37.000Z"},{"id":20,"patient_id":158,"lead_id":159,"schedule_id":120044,"schedule_date":"2022-02-22T18:30:00.000Z","medical_equipment_rate":7500,"medical_equipment_amount":0,"tax_rate":0,"invoice_status":"Pending","created_at":"2022-02-23T12:09:56.000Z"},{"id":21,"patient_id":158,"lead_id":159,"schedule_id":120044,"schedule_date":"2022-02-22T18:30:00.000Z","medical_equipment_rate":1000,"medical_equipment_amount":0,"tax_rate":0,"invoice_status":"Pending","created_at":"2022-02-23T12:10:11.000Z"},{"id":22,"patient_id":32,"lead_id":32,"schedule_id":111680,"schedule_date":"2022-02-22T18:30:00.000Z","medical_equipment_rate":6000,"medical_equipment_amount":0,"tax_rate":0,"invoice_status":"Pending","created_at":"2022-02-23T12:10:34.000Z"},{"id":23,"patient_id":32,"lead_id":32,"schedule_id":111680,"schedule_date":"2022-02-22T18:30:00.000Z","medical_equipment_rate":6500,"medical_equipment_amount":0,"tax_rate":0,"invoice_status":"Pending","created_at":"2022-02-23T12:11:11.000Z"},{"id":24,"patient_id":378,"lead_id":379,"schedule_id":120725,"schedule_date":"2022-03-04T18:30:00.000Z","medical_equipment_rate":500,"medical_equipment_amount":0,"tax_rate":0,"invoice_status":"Pending","created_at":"2022-03-05T21:45:14.000Z"},{"id":25,"patient_id":281,"lead_id":282,"schedule_id":120775,"schedule_date":"2022-03-23T18:30:00.000Z","medical_equipment_rate":2000,"medical_equipment_amount":2000,"tax_rate":0,"invoice_status":"Billed","created_at":"2022-03-24T12:32:19.000Z"},{"id":26,"patient_id":281,"lead_id":282,"schedule_id":120775,"schedule_date":"2022-03-23T18:30:00.000Z","medical_equipment_rate":1000,"medical_equipment_amount":1000,"tax_rate":0,"invoice_status":"Billed","created_at":"2022-03-24T12:32:33.000Z"},{"id":27,"patient_id":158,"lead_id":159,"schedule_id":123057,"schedule_date":"2022-03-23T18:30:00.000Z","medical_equipment_rate":1000,"medical_equipment_amount":1000,"tax_rate":0,"invoice_status":"Billed","created_at":"2022-03-24T12:32:54.000Z"},{"id":28,"patient_id":158,"lead_id":159,"schedule_id":123057,"schedule_date":"2022-03-23T18:30:00.000Z","medical_equipment_rate":7500,"medical_equipment_amount":7500,"tax_rate":0,"invoice_status":"Billed","created_at":"2022-03-24T12:33:06.000Z"},{"id":29,"patient_id":32,"lead_id":32,"schedule_id":133306,"schedule_date":"2022-03-23T18:30:00.000Z","medical_equipment_rate":6000,"medical_equipment_amount":6000,"tax_rate":0,"invoice_status":"Billed","created_at":"2022-03-24T12:33:35.000Z"},{"id":30,"patient_id":32,"lead_id":32,"schedule_id":133306,"schedule_date":"2022-03-23T18:30:00.000Z","medical_equipment_rate":6500,"medical_equipment_amount":6500,"tax_rate":0,"invoice_status":"Billed","created_at":"2022-03-24T12:33:52.000Z"},{"id":31,"patient_id":158,"lead_id":159,"schedule_id":123087,"schedule_date":"2022-04-22T18:30:00.000Z","medical_equipment_rate":7500,"medical_equipment_amount":7500,"tax_rate":0,"invoice_status":"Pending","created_at":"2022-04-23T10:08:58.000Z"},{"id":32,"patient_id":158,"lead_id":159,"schedule_id":123087,"schedule_date":"2022-04-22T18:30:00.000Z","medical_equipment_rate":1000,"medical_equipment_amount":1000,"tax_rate":0,"invoice_status":"Pending","created_at":"2022-04-23T10:09:19.000Z"},{"id":33,"patient_id":281,"lead_id":282,"schedule_id":139157,"schedule_date":"2022-04-22T18:30:00.000Z","medical_equipment_rate":1000,"medical_equipment_amount":1000,"tax_rate":0,"invoice_status":"Pending","created_at":"2022-04-23T10:10:07.000Z"},{"id":34,"patient_id":281,"lead_id":282,"schedule_id":139157,"schedule_date":"2022-04-22T18:30:00.000Z","medical_equipment_rate":2000,"medical_equipment_amount":2000,"tax_rate":0,"invoice_status":"Pending","created_at":"2022-04-23T10:10:32.000Z"},{"id":35,"patient_id":32,"lead_id":32,"schedule_id":133336,"schedule_date":"2022-04-22T18:30:00.000Z","medical_equipment_rate":3000,"medical_equipment_amount":3000,"tax_rate":0,"invoice_status":"Pending","created_at":"2022-04-23T10:12:06.000Z"},{"id":36,"patient_id":32,"lead_id":32,"schedule_id":133336,"schedule_date":"2022-04-22T18:30:00.000Z","medical_equipment_rate":3250,"medical_equipment_amount":3250,"tax_rate":0,"invoice_status":"Pending","created_at":"2022-04-23T10:12:17.000Z"},{"id":37,"patient_id":281,"lead_id":282,"schedule_id":139159,"schedule_date":"2022-04-24T18:30:00.000Z","medical_equipment_rate":1000,"medical_equipment_amount":1000,"tax_rate":0,"invoice_status":"Pending","created_at":"2022-05-04T13:24:04.000Z"},{"id":38,"patient_id":281,"lead_id":282,"schedule_id":139159,"schedule_date":"2022-04-24T18:30:00.000Z","medical_equipment_rate":2000,"medical_equipment_amount":2000,"tax_rate":0,"invoice_status":"Pending","created_at":"2022-05-04T13:24:19.000Z"},{"id":39,"patient_id":158,"lead_id":159,"schedule_id":123089,"schedule_date":"2022-04-24T18:30:00.000Z","medical_equipment_rate":7500,"medical_equipment_amount":7500,"tax_rate":0,"invoice_status":"Pending","created_at":"2022-05-04T13:25:54.000Z"},{"id":40,"patient_id":158,"lead_id":159,"schedule_id":123089,"schedule_date":"2022-04-24T18:30:00.000Z","medical_equipment_rate":1000,"medical_equipment_amount":1000,"tax_rate":0,"invoice_status":"Pending","created_at":"2022-05-04T13:26:07.000Z"},{"id":41,"patient_id":158,"lead_id":159,"schedule_id":123147,"schedule_date":"2022-06-21T18:30:00.000Z","medical_equipment_rate":7500,"medical_equipment_amount":7500,"tax_rate":0,"invoice_status":"Pending","created_at":"2022-06-22T15:12:28.000Z"},{"id":42,"patient_id":158,"lead_id":159,"schedule_id":123147,"schedule_date":"2022-06-21T18:30:00.000Z","medical_equipment_rate":1000,"medical_equipment_amount":1000,"tax_rate":0,"invoice_status":"Pending","created_at":"2022-06-22T15:12:58.000Z"},{"id":43,"patient_id":281,"lead_id":282,"schedule_id":139217,"schedule_date":"2022-06-21T18:30:00.000Z","medical_equipment_rate":1000,"medical_equipment_amount":1000,"tax_rate":0,"invoice_status":"Pending","created_at":"2022-06-22T15:13:28.000Z"},{"id":44,"patient_id":281,"lead_id":282,"schedule_id":139217,"schedule_date":"2022-06-21T18:30:00.000Z","medical_equipment_rate":2000,"medical_equipment_amount":2000,"tax_rate":0,"invoice_status":"Pending","created_at":"2022-06-22T15:14:20.000Z"},{"id":45,"patient_id":402,"lead_id":403,"schedule_id":142477,"schedule_date":"2022-06-23T18:30:00.000Z","medical_equipment_rate":800,"medical_equipment_amount":800,"tax_rate":0,"invoice_status":"Pending","created_at":"2022-06-24T20:46:53.000Z"},{"id":46,"patient_id":402,"lead_id":403,"schedule_id":142476,"schedule_date":"2022-06-22T18:30:00.000Z","medical_equipment_rate":800,"medical_equipment_amount":800,"tax_rate":0,"invoice_status":"Pending","created_at":"2022-06-24T20:47:28.000Z"},{"id":47,"patient_id":402,"lead_id":403,"schedule_id":142458,"schedule_date":"2022-06-04T18:30:00.000Z","medical_equipment_rate":1000,"medical_equipment_amount":1000,"tax_rate":0,"invoice_status":"Pending","created_at":"2022-06-24T22:49:58.000Z"},{"id":48,"patient_id":402,"lead_id":403,"schedule_id":142459,"schedule_date":"2022-06-05T18:30:00.000Z","medical_equipment_rate":1000,"medical_equipment_amount":1000,"tax_rate":0,"invoice_status":"Pending","created_at":"2022-06-24T22:50:25.000Z"},{"id":49,"patient_id":402,"lead_id":403,"schedule_id":142460,"schedule_date":"2022-06-06T18:30:00.000Z","medical_equipment_rate":1000,"medical_equipment_amount":1000,"tax_rate":0,"invoice_status":"Pending","created_at":"2022-06-24T22:50:53.000Z"},{"id":50,"patient_id":402,"lead_id":403,"schedule_id":142461,"schedule_date":"2022-06-07T18:30:00.000Z","medical_equipment_rate":1000,"medical_equipment_amount":1000,"tax_rate":0,"invoice_status":"Pending","created_at":"2022-06-24T22:51:21.000Z"},{"id":51,"patient_id":353,"lead_id":354,"schedule_id":151540,"schedule_date":"2022-06-23T18:30:00.000Z","medical_equipment_rate":1000,"medical_equipment_amount":1000,"tax_rate":0,"invoice_status":"Billed","created_at":"2022-06-24T22:52:29.000Z"},{"id":52,"patient_id":353,"lead_id":354,"schedule_id":151539,"schedule_date":"2022-06-22T18:30:00.000Z","medical_equipment_rate":1000,"medical_equipment_amount":1000,"tax_rate":0,"invoice_status":"Billed","created_at":"2022-06-24T22:52:57.000Z"},{"id":53,"patient_id":402,"lead_id":403,"schedule_id":142475,"schedule_date":"2022-06-21T18:30:00.000Z","medical_equipment_rate":800,"medical_equipment_amount":800,"tax_rate":0,"invoice_status":"Pending","created_at":"2022-06-25T12:53:25.000Z"},{"id":54,"patient_id":810,"lead_id":811,"schedule_id":138984,"schedule_date":"2022-07-04T18:30:00.000Z","medical_equipment_rate":100,"medical_equipment_amount":100,"tax_rate":0,"invoice_status":"Billed","created_at":"2022-07-19T04:06:14.000Z"},{"id":55,"patient_id":810,"lead_id":811,"schedule_id":138985,"schedule_date":"2022-07-05T18:30:00.000Z","medical_equipment_rate":100,"medical_equipment_amount":100,"tax_rate":0,"invoice_status":"Billed","created_at":"2022-07-19T04:07:26.000Z"},{"id":56,"patient_id":810,"lead_id":811,"schedule_id":138986,"schedule_date":"2022-07-06T18:30:00.000Z","medical_equipment_rate":100,"medical_equipment_amount":100,"tax_rate":0,"invoice_status":"Billed","created_at":"2022-07-19T04:09:06.000Z"},{"id":57,"patient_id":810,"lead_id":811,"schedule_id":138987,"schedule_date":"2022-07-07T18:30:00.000Z","medical_equipment_rate":100,"medical_equipment_amount":100,"tax_rate":0,"invoice_status":"Billed","created_at":"2022-07-19T04:10:10.000Z"},{"id":58,"patient_id":810,"lead_id":811,"schedule_id":138988,"schedule_date":"2022-07-08T18:30:00.000Z","medical_equipment_rate":100,"medical_equipment_amount":100,"tax_rate":0,"invoice_status":"Billed","created_at":"2022-07-19T04:13:51.000Z"},{"id":59,"patient_id":810,"lead_id":811,"schedule_id":138989,"schedule_date":"2022-07-09T18:30:00.000Z","medical_equipment_rate":100,"medical_equipment_amount":100,"tax_rate":0,"invoice_status":"Billed","created_at":"2022-07-19T04:20:37.000Z"},{"id":60,"patient_id":810,"lead_id":811,"schedule_id":138990,"schedule_date":"2022-07-10T18:30:00.000Z","medical_equipment_rate":100,"medical_equipment_amount":100,"tax_rate":0,"invoice_status":"Billed","created_at":"2022-07-19T04:21:20.000Z"},{"id":61,"patient_id":810,"lead_id":811,"schedule_id":138991,"schedule_date":"2022-07-11T18:30:00.000Z","medical_equipment_rate":100,"medical_equipment_amount":100,"tax_rate":0,"invoice_status":"Billed","created_at":"2022-07-19T04:22:16.000Z"},{"id":62,"patient_id":810,"lead_id":811,"schedule_id":138992,"schedule_date":"2022-07-12T18:30:00.000Z","medical_equipment_rate":100,"medical_equipment_amount":100,"tax_rate":0,"invoice_status":"Billed","created_at":"2022-07-19T04:23:06.000Z"},{"id":63,"patient_id":810,"lead_id":811,"schedule_id":138992,"schedule_date":"2022-07-12T18:30:00.000Z","medical_equipment_rate":100,"medical_equipment_amount":100,"tax_rate":0,"invoice_status":"Billed","created_at":"2022-07-19T04:24:14.000Z"},{"id":64,"patient_id":810,"lead_id":811,"schedule_id":138994,"schedule_date":"2022-07-14T18:30:00.000Z","medical_equipment_rate":100,"medical_equipment_amount":100,"tax_rate":0,"invoice_status":"Billed","created_at":"2022-07-19T05:03:19.000Z"},{"id":65,"patient_id":810,"lead_id":811,"schedule_id":138994,"schedule_date":"2022-07-14T18:30:00.000Z","medical_equipment_rate":100,"medical_equipment_amount":100,"tax_rate":0,"invoice_status":"Billed","created_at":"2022-07-19T05:03:55.000Z"},{"id":66,"patient_id":810,"lead_id":811,"schedule_id":138995,"schedule_date":"2022-07-15T18:30:00.000Z","medical_equipment_rate":100,"medical_equipment_amount":100,"tax_rate":0,"invoice_status":"Billed","created_at":"2022-07-19T05:05:02.000Z"},{"id":67,"patient_id":810,"lead_id":811,"schedule_id":138995,"schedule_date":"2022-07-15T18:30:00.000Z","medical_equipment_rate":100,"medical_equipment_amount":100,"tax_rate":0,"invoice_status":"Billed","created_at":"2022-07-19T05:05:41.000Z"},{"id":68,"patient_id":810,"lead_id":811,"schedule_id":138996,"schedule_date":"2022-07-16T18:30:00.000Z","medical_equipment_rate":100,"medical_equipment_amount":100,"tax_rate":0,"invoice_status":"Billed","created_at":"2022-07-19T05:06:14.000Z"},{"id":69,"patient_id":810,"lead_id":811,"schedule_id":138996,"schedule_date":"2022-07-16T18:30:00.000Z","medical_equipment_rate":100,"medical_equipment_amount":100,"tax_rate":0,"invoice_status":"Billed","created_at":"2022-07-19T05:06:47.000Z"},{"id":70,"patient_id":810,"lead_id":811,"schedule_id":138997,"schedule_date":"2022-07-17T18:30:00.000Z","medical_equipment_rate":100,"medical_equipment_amount":100,"tax_rate":0,"invoice_status":"Billed","created_at":"2022-07-19T05:08:05.000Z"},{"id":71,"patient_id":810,"lead_id":811,"schedule_id":138997,"schedule_date":"2022-07-17T18:30:00.000Z","medical_equipment_rate":100,"medical_equipment_amount":100,"tax_rate":0,"invoice_status":"Billed","created_at":"2022-07-19T05:08:58.000Z"},{"id":72,"patient_id":810,"lead_id":811,"schedule_id":138998,"schedule_date":"2022-07-18T18:30:00.000Z","medical_equipment_rate":100,"medical_equipment_amount":100,"tax_rate":0,"invoice_status":"Billed","created_at":"2022-07-19T05:09:31.000Z"},{"id":73,"patient_id":810,"lead_id":811,"schedule_id":138998,"schedule_date":"2022-07-18T18:30:00.000Z","medical_equipment_rate":100,"medical_equipment_amount":100,"tax_rate":0,"invoice_status":"Billed","created_at":"2022-07-19T05:10:05.000Z"},{"id":74,"patient_id":3130,"lead_id":3147,"schedule_id":155895,"schedule_date":"2022-07-15T18:30:00.000Z","medical_equipment_rate":100,"medical_equipment_amount":100,"tax_rate":0,"invoice_status":"Pending","created_at":"2022-07-20T03:27:52.000Z"},{"id":75,"patient_id":3130,"lead_id":3147,"schedule_id":155895,"schedule_date":"2022-07-15T18:30:00.000Z","medical_equipment_rate":100,"medical_equipment_amount":100,"tax_rate":0,"invoice_status":"Pending","created_at":"2022-07-20T03:28:45.000Z"},{"id":76,"patient_id":3130,"lead_id":3147,"schedule_id":155896,"schedule_date":"2022-07-16T18:30:00.000Z","medical_equipment_rate":100,"medical_equipment_amount":100,"tax_rate":0,"invoice_status":"Pending","created_at":"2022-07-20T03:29:29.000Z"},{"id":77,"patient_id":3130,"lead_id":3147,"schedule_id":155896,"schedule_date":"2022-07-16T18:30:00.000Z","medical_equipment_rate":100,"medical_equipment_amount":100,"tax_rate":0,"invoice_status":"Pending","created_at":"2022-07-20T03:30:24.000Z"},{"id":78,"patient_id":3130,"lead_id":3147,"schedule_id":155897,"schedule_date":"2022-07-17T18:30:00.000Z","medical_equipment_rate":100,"medical_equipment_amount":100,"tax_rate":0,"invoice_status":"Pending","created_at":"2022-07-20T03:31:10.000Z"},{"id":79,"patient_id":3130,"lead_id":3147,"schedule_id":155897,"schedule_date":"2022-07-17T18:30:00.000Z","medical_equipment_rate":100,"medical_equipment_amount":100,"tax_rate":0,"invoice_status":"Pending","created_at":"2022-07-20T03:31:53.000Z"},{"id":80,"patient_id":2767,"lead_id":2783,"schedule_id":158118,"schedule_date":"2022-07-07T18:30:00.000Z","medical_equipment_rate":100,"medical_equipment_amount":100,"tax_rate":0,"invoice_status":"Pending","created_at":"2022-07-20T03:33:41.000Z"},{"id":81,"patient_id":2767,"lead_id":2783,"schedule_id":158118,"schedule_date":"2022-07-07T18:30:00.000Z","medical_equipment_rate":100,"medical_equipment_amount":100,"tax_rate":0,"invoice_status":"Pending","created_at":"2022-07-20T03:34:24.000Z"},{"id":82,"patient_id":2767,"lead_id":2783,"schedule_id":158118,"schedule_date":"2022-07-07T18:30:00.000Z","medical_equipment_rate":100,"medical_equipment_amount":100,"tax_rate":0,"invoice_status":"Pending","created_at":"2022-07-20T03:35:05.000Z"},{"id":83,"patient_id":2767,"lead_id":2783,"schedule_id":158120,"schedule_date":"2022-07-09T18:30:00.000Z","medical_equipment_rate":100,"medical_equipment_amount":100,"tax_rate":0,"invoice_status":"Pending","created_at":"2022-07-20T03:35:56.000Z"},{"id":84,"patient_id":2767,"lead_id":2783,"schedule_id":158121,"schedule_date":"2022-07-10T18:30:00.000Z","medical_equipment_rate":100,"medical_equipment_amount":100,"tax_rate":0,"invoice_status":"Pending","created_at":"2022-07-20T03:36:59.000Z"},{"id":85,"patient_id":2767,"lead_id":2783,"schedule_id":158121,"schedule_date":"2022-07-10T18:30:00.000Z","medical_equipment_rate":100,"medical_equipment_amount":100,"tax_rate":0,"invoice_status":"Pending","created_at":"2022-07-20T03:37:39.000Z"},{"id":86,"patient_id":2767,"lead_id":2783,"schedule_id":158121,"schedule_date":"2022-07-10T18:30:00.000Z","medical_equipment_rate":100,"medical_equipment_amount":100,"tax_rate":0,"invoice_status":"Pending","created_at":"2022-07-20T03:38:21.000Z"},{"id":87,"patient_id":2767,"lead_id":2783,"schedule_id":158122,"schedule_date":"2022-07-11T18:30:00.000Z","medical_equipment_rate":100,"medical_equipment_amount":100,"tax_rate":0,"invoice_status":"Pending","created_at":"2022-07-20T03:39:24.000Z"},{"id":88,"patient_id":2767,"lead_id":2783,"schedule_id":158123,"schedule_date":"2022-07-12T18:30:00.000Z","medical_equipment_rate":100,"medical_equipment_amount":100,"tax_rate":0,"invoice_status":"Pending","created_at":"2022-07-20T03:47:22.000Z"},{"id":89,"patient_id":2767,"lead_id":2783,"schedule_id":158124,"schedule_date":"2022-07-13T18:30:00.000Z","medical_equipment_rate":100,"medical_equipment_amount":100,"tax_rate":0,"invoice_status":"Pending","created_at":"2022-07-20T03:48:13.000Z"},{"id":90,"patient_id":2767,"lead_id":2783,"schedule_id":158124,"schedule_date":"2022-07-13T18:30:00.000Z","medical_equipment_rate":100,"medical_equipment_amount":100,"tax_rate":0,"invoice_status":"Pending","created_at":"2022-07-20T03:48:53.000Z"},{"id":91,"patient_id":2767,"lead_id":2783,"schedule_id":158125,"schedule_date":"2022-07-14T18:30:00.000Z","medical_equipment_rate":100,"medical_equipment_amount":100,"tax_rate":0,"invoice_status":"Pending","created_at":"2022-07-20T03:49:40.000Z"},{"id":92,"patient_id":2767,"lead_id":2783,"schedule_id":158125,"schedule_date":"2022-07-14T18:30:00.000Z","medical_equipment_rate":100,"medical_equipment_amount":100,"tax_rate":0,"invoice_status":"Pending","created_at":"2022-07-20T03:50:22.000Z"},{"id":93,"patient_id":2767,"lead_id":2783,"schedule_id":158126,"schedule_date":"2022-07-15T18:30:00.000Z","medical_equipment_rate":100,"medical_equipment_amount":100,"tax_rate":0,"invoice_status":"Pending","created_at":"2022-07-20T03:51:07.000Z"},{"id":94,"patient_id":2767,"lead_id":2783,"schedule_id":158126,"schedule_date":"2022-07-15T18:30:00.000Z","medical_equipment_rate":100,"medical_equipment_amount":100,"tax_rate":0,"invoice_status":"Pending","created_at":"2022-07-20T03:51:41.000Z"},{"id":95,"patient_id":2767,"lead_id":2783,"schedule_id":158127,"schedule_date":"2022-07-16T18:30:00.000Z","medical_equipment_rate":100,"medical_equipment_amount":100,"tax_rate":0,"invoice_status":"Pending","created_at":"2022-07-20T03:52:23.000Z"},{"id":96,"patient_id":2767,"lead_id":2783,"schedule_id":158127,"schedule_date":"2022-07-16T18:30:00.000Z","medical_equipment_rate":100,"medical_equipment_amount":100,"tax_rate":0,"invoice_status":"Pending","created_at":"2022-07-20T03:53:01.000Z"},{"id":97,"patient_id":2767,"lead_id":2783,"schedule_id":158128,"schedule_date":"2022-07-17T18:30:00.000Z","medical_equipment_rate":100,"medical_equipment_amount":100,"tax_rate":0,"invoice_status":"Pending","created_at":"2022-07-20T03:53:55.000Z"},{"id":98,"patient_id":2767,"lead_id":2783,"schedule_id":158128,"schedule_date":"2022-07-17T18:30:00.000Z","medical_equipment_rate":100,"medical_equipment_amount":100,"tax_rate":0,"invoice_status":"Pending","created_at":"2022-07-20T03:54:37.000Z"},{"id":99,"patient_id":2767,"lead_id":2783,"schedule_id":158129,"schedule_date":"2022-07-18T18:30:00.000Z","medical_equipment_rate":100,"medical_equipment_amount":100,"tax_rate":0,"invoice_status":"Pending","created_at":"2022-07-20T03:55:23.000Z"},{"id":100,"patient_id":2767,"lead_id":2783,"schedule_id":158129,"schedule_date":"2022-07-18T18:30:00.000Z","medical_equipment_rate":100,"medical_equipment_amount":100,"tax_rate":0,"invoice_status":"Pending","created_at":"2022-07-20T03:55:57.000Z"},{"id":101,"patient_id":810,"lead_id":811,"schedule_id":138999,"schedule_date":"2022-07-19T18:30:00.000Z","medical_equipment_rate":100,"medical_equipment_amount":100,"tax_rate":0,"invoice_status":"Pending","created_at":"2022-07-20T03:58:02.000Z"},{"id":102,"patient_id":810,"lead_id":811,"schedule_id":138983,"schedule_date":"2022-07-03T18:30:00.000Z","medical_equipment_rate":100,"medical_equipment_amount":100,"tax_rate":0,"invoice_status":"Billed","created_at":"2022-07-20T03:58:58.000Z"},{"id":103,"patient_id":810,"lead_id":811,"schedule_id":138999,"schedule_date":"2022-07-19T18:30:00.000Z","medical_equipment_rate":100,"medical_equipment_amount":100,"tax_rate":0,"invoice_status":"Billed","created_at":"2022-07-20T05:45:15.000Z"},{"id":104,"patient_id":158,"lead_id":159,"schedule_id":123150,"schedule_date":"2022-06-24T18:30:00.000Z","medical_equipment_rate":7500,"medical_equipment_amount":7500,"tax_rate":0,"invoice_status":"Pending","created_at":"2022-07-22T13:21:57.000Z"},{"id":105,"patient_id":281,"lead_id":282,"schedule_id":139220,"schedule_date":"2022-06-24T18:30:00.000Z","medical_equipment_rate":2000,"medical_equipment_amount":2000,"tax_rate":0,"invoice_status":"Pending","created_at":"2022-07-22T13:22:56.000Z"},{"id":106,"patient_id":810,"lead_id":811,"schedule_id":138974,"schedule_date":"2022-06-24T18:30:00.000Z","medical_equipment_rate":100,"medical_equipment_amount":100,"tax_rate":0,"invoice_status":"Billed","created_at":"2022-07-23T03:25:10.000Z"},{"id":107,"patient_id":810,"lead_id":811,"schedule_id":138975,"schedule_date":"2022-06-25T18:30:00.000Z","medical_equipment_rate":100,"medical_equipment_amount":100,"tax_rate":0,"invoice_status":"Billed","created_at":"2022-07-23T03:25:49.000Z"},{"id":108,"patient_id":810,"lead_id":811,"schedule_id":138976,"schedule_date":"2022-06-26T18:30:00.000Z","medical_equipment_rate":100,"medical_equipment_amount":100,"tax_rate":0,"invoice_status":"Billed","created_at":"2022-07-23T03:26:26.000Z"},{"id":109,"patient_id":810,"lead_id":811,"schedule_id":138977,"schedule_date":"2022-06-27T18:30:00.000Z","medical_equipment_rate":100,"medical_equipment_amount":100,"tax_rate":0,"invoice_status":"Billed","created_at":"2022-07-23T03:27:04.000Z"},{"id":110,"patient_id":810,"lead_id":811,"schedule_id":138978,"schedule_date":"2022-06-28T18:30:00.000Z","medical_equipment_rate":100,"medical_equipment_amount":100,"tax_rate":0,"invoice_status":"Billed","created_at":"2022-07-23T03:27:44.000Z"},{"id":111,"patient_id":810,"lead_id":811,"schedule_id":138979,"schedule_date":"2022-06-29T18:30:00.000Z","medical_equipment_rate":100,"medical_equipment_amount":100,"tax_rate":0,"invoice_status":"Billed","created_at":"2022-07-23T03:28:19.000Z"},{"id":112,"patient_id":810,"lead_id":811,"schedule_id":139000,"schedule_date":"2022-07-20T18:30:00.000Z","medical_equipment_rate":100,"medical_equipment_amount":100,"tax_rate":0,"invoice_status":"Billed","created_at":"2022-07-23T03:30:36.000Z"},{"id":113,"patient_id":810,"lead_id":811,"schedule_id":139001,"schedule_date":"2022-07-21T18:30:00.000Z","medical_equipment_rate":100,"medical_equipment_amount":100,"tax_rate":0,"invoice_status":"Billed","created_at":"2022-07-23T03:31:14.000Z"},{"id":114,"patient_id":1929,"lead_id":1936,"schedule_id":152164,"schedule_date":"2022-07-04T18:30:00.000Z","medical_equipment_rate":100,"medical_equipment_amount":100,"tax_rate":0,"invoice_status":"Pending","created_at":"2022-07-23T03:34:47.000Z"},{"id":115,"patient_id":1929,"lead_id":1936,"schedule_id":152165,"schedule_date":"2022-07-05T18:30:00.000Z","medical_equipment_rate":100,"medical_equipment_amount":100,"tax_rate":0,"invoice_status":"Pending","created_at":"2022-07-23T03:35:30.000Z"},{"id":116,"patient_id":1929,"lead_id":1936,"schedule_id":152166,"schedule_date":"2022-07-06T18:30:00.000Z","medical_equipment_rate":100,"medical_equipment_amount":100,"tax_rate":0,"invoice_status":"Pending","created_at":"2022-07-23T03:36:03.000Z"},{"id":117,"patient_id":1929,"lead_id":1936,"schedule_id":152167,"schedule_date":"2022-07-07T18:30:00.000Z","medical_equipment_rate":100,"medical_equipment_amount":100,"tax_rate":0,"invoice_status":"Pending","created_at":"2022-07-23T03:36:36.000Z"},{"id":118,"patient_id":1929,"lead_id":1936,"schedule_id":152168,"schedule_date":"2022-07-08T18:30:00.000Z","medical_equipment_rate":250,"medical_equipment_amount":250,"tax_rate":0,"invoice_status":"Pending","created_at":"2022-07-23T03:37:12.000Z"},{"id":119,"patient_id":1929,"lead_id":1936,"schedule_id":152168,"schedule_date":"2022-07-08T18:30:00.000Z","medical_equipment_rate":100,"medical_equipment_amount":100,"tax_rate":0,"invoice_status":"Pending","created_at":"2022-07-23T03:38:14.000Z"},{"id":120,"patient_id":1929,"lead_id":1936,"schedule_id":152169,"schedule_date":"2022-07-09T18:30:00.000Z","medical_equipment_rate":100,"medical_equipment_amount":100,"tax_rate":0,"invoice_status":"Pending","created_at":"2022-07-23T03:38:47.000Z"},{"id":121,"patient_id":1929,"lead_id":1936,"schedule_id":152170,"schedule_date":"2022-07-10T18:30:00.000Z","medical_equipment_rate":100,"medical_equipment_amount":100,"tax_rate":0,"invoice_status":"Pending","created_at":"2022-07-23T03:39:44.000Z"},{"id":122,"patient_id":1929,"lead_id":1936,"schedule_id":152170,"schedule_date":"2022-07-10T18:30:00.000Z","medical_equipment_rate":100,"medical_equipment_amount":100,"tax_rate":0,"invoice_status":"Pending","created_at":"2022-07-23T03:40:19.000Z"},{"id":123,"patient_id":1929,"lead_id":1936,"schedule_id":152171,"schedule_date":"2022-07-11T18:30:00.000Z","medical_equipment_rate":100,"medical_equipment_amount":100,"tax_rate":0,"invoice_status":"Pending","created_at":"2022-07-23T03:41:01.000Z"},{"id":124,"patient_id":1929,"lead_id":1936,"schedule_id":152171,"schedule_date":"2022-07-11T18:30:00.000Z","medical_equipment_rate":100,"medical_equipment_amount":100,"tax_rate":0,"invoice_status":"Pending","created_at":"2022-07-23T03:41:31.000Z"},{"id":125,"patient_id":1929,"lead_id":1936,"schedule_id":152172,"schedule_date":"2022-07-12T18:30:00.000Z","medical_equipment_rate":100,"medical_equipment_amount":100,"tax_rate":0,"invoice_status":"Pending","created_at":"2022-07-23T03:42:04.000Z"},{"id":126,"patient_id":1929,"lead_id":1936,"schedule_id":152172,"schedule_date":"2022-07-12T18:30:00.000Z","medical_equipment_rate":100,"medical_equipment_amount":100,"tax_rate":0,"invoice_status":"Pending","created_at":"2022-07-23T03:43:03.000Z"},{"id":127,"patient_id":1929,"lead_id":1936,"schedule_id":152173,"schedule_date":"2022-07-13T18:30:00.000Z","medical_equipment_rate":100,"medical_equipment_amount":100,"tax_rate":0,"invoice_status":"Pending","created_at":"2022-07-23T03:43:35.000Z"},{"id":128,"patient_id":1929,"lead_id":1936,"schedule_id":152173,"schedule_date":"2022-07-13T18:30:00.000Z","medical_equipment_rate":100,"medical_equipment_amount":100,"tax_rate":0,"invoice_status":"Pending","created_at":"2022-07-23T03:44:02.000Z"},{"id":129,"patient_id":1929,"lead_id":1936,"schedule_id":152174,"schedule_date":"2022-07-14T18:30:00.000Z","medical_equipment_rate":100,"medical_equipment_amount":100,"tax_rate":0,"invoice_status":"Pending","created_at":"2022-07-23T03:44:34.000Z"},{"id":130,"patient_id":1929,"lead_id":1936,"schedule_id":152174,"schedule_date":"2022-07-14T18:30:00.000Z","medical_equipment_rate":250,"medical_equipment_amount":250,"tax_rate":0,"invoice_status":"Pending","created_at":"2022-07-23T03:45:10.000Z"},{"id":131,"patient_id":1929,"lead_id":1936,"schedule_id":152175,"schedule_date":"2022-07-15T18:30:00.000Z","medical_equipment_rate":100,"medical_equipment_amount":100,"tax_rate":0,"invoice_status":"Pending","created_at":"2022-07-23T03:47:06.000Z"},{"id":132,"patient_id":1929,"lead_id":1936,"schedule_id":152175,"schedule_date":"2022-07-15T18:30:00.000Z","medical_equipment_rate":100,"medical_equipment_amount":100,"tax_rate":0,"invoice_status":"Pending","created_at":"2022-07-23T03:48:06.000Z"},{"id":133,"patient_id":1929,"lead_id":1936,"schedule_id":152176,"schedule_date":"2022-07-16T18:30:00.000Z","medical_equipment_rate":100,"medical_equipment_amount":100,"tax_rate":0,"invoice_status":"Pending","created_at":"2022-07-23T03:49:31.000Z"},{"id":134,"patient_id":1929,"lead_id":1936,"schedule_id":152176,"schedule_date":"2022-07-16T18:30:00.000Z","medical_equipment_rate":100,"medical_equipment_amount":100,"tax_rate":0,"invoice_status":"Pending","created_at":"2022-07-23T03:50:26.000Z"},{"id":135,"patient_id":1929,"lead_id":1936,"schedule_id":152177,"schedule_date":"2022-07-17T18:30:00.000Z","medical_equipment_rate":100,"medical_equipment_amount":100,"tax_rate":0,"invoice_status":"Pending","created_at":"2022-07-23T03:51:21.000Z"},{"id":136,"patient_id":1929,"lead_id":1936,"schedule_id":152177,"schedule_date":"2022-07-17T18:30:00.000Z","medical_equipment_rate":100,"medical_equipment_amount":100,"tax_rate":0,"invoice_status":"Pending","created_at":"2022-07-23T03:51:55.000Z"},{"id":137,"patient_id":1929,"lead_id":1936,"schedule_id":152178,"schedule_date":"2022-07-18T18:30:00.000Z","medical_equipment_rate":100,"medical_equipment_amount":100,"tax_rate":0,"invoice_status":"Pending","created_at":"2022-07-23T03:52:30.000Z"},{"id":138,"patient_id":1929,"lead_id":1936,"schedule_id":152178,"schedule_date":"2022-07-18T18:30:00.000Z","medical_equipment_rate":100,"medical_equipment_amount":100,"tax_rate":0,"invoice_status":"Pending","created_at":"2022-07-23T03:53:06.000Z"},{"id":139,"patient_id":1929,"lead_id":1936,"schedule_id":152179,"schedule_date":"2022-07-19T18:30:00.000Z","medical_equipment_rate":100,"medical_equipment_amount":100,"tax_rate":0,"invoice_status":"Pending","created_at":"2022-07-23T03:53:44.000Z"},{"id":140,"patient_id":1929,"lead_id":1936,"schedule_id":152179,"schedule_date":"2022-07-19T18:30:00.000Z","medical_equipment_rate":100,"medical_equipment_amount":100,"tax_rate":0,"invoice_status":"Pending","created_at":"2022-07-23T03:54:24.000Z"},{"id":141,"patient_id":2767,"lead_id":2783,"schedule_id":158131,"schedule_date":"2022-07-20T18:30:00.000Z","medical_equipment_rate":100,"medical_equipment_amount":100,"tax_rate":0,"invoice_status":"Pending","created_at":"2022-07-23T04:21:29.000Z"},{"id":142,"patient_id":2767,"lead_id":2783,"schedule_id":158131,"schedule_date":"2022-07-20T18:30:00.000Z","medical_equipment_rate":100,"medical_equipment_amount":100,"tax_rate":0,"invoice_status":"Pending","created_at":"2022-07-23T04:21:55.000Z"},{"id":143,"patient_id":2767,"lead_id":2783,"schedule_id":158131,"schedule_date":"2022-07-20T18:30:00.000Z","medical_equipment_rate":100,"medical_equipment_amount":100,"tax_rate":0,"invoice_status":"Pending","created_at":"2022-07-23T04:22:33.000Z"},{"id":144,"patient_id":2767,"lead_id":2783,"schedule_id":158132,"schedule_date":"2022-07-21T18:30:00.000Z","medical_equipment_rate":100,"medical_equipment_amount":100,"tax_rate":0,"invoice_status":"Pending","created_at":"2022-07-23T04:23:11.000Z"},{"id":145,"patient_id":2767,"lead_id":2783,"schedule_id":158132,"schedule_date":"2022-07-21T18:30:00.000Z","medical_equipment_rate":100,"medical_equipment_amount":100,"tax_rate":0,"invoice_status":"Pending","created_at":"2022-07-23T04:23:48.000Z"},{"id":146,"patient_id":2767,"lead_id":2783,"schedule_id":158132,"schedule_date":"2022-07-21T18:30:00.000Z","medical_equipment_rate":100,"medical_equipment_amount":100,"tax_rate":0,"invoice_status":"Pending","created_at":"2022-07-23T04:24:33.000Z"},{"id":147,"patient_id":2767,"lead_id":2783,"schedule_id":158133,"schedule_date":"2022-07-22T18:30:00.000Z","medical_equipment_rate":100,"medical_equipment_amount":100,"tax_rate":0,"invoice_status":"Pending","created_at":"2022-07-24T02:39:32.000Z"},{"id":148,"patient_id":2767,"lead_id":2783,"schedule_id":158133,"schedule_date":"2022-07-22T18:30:00.000Z","medical_equipment_rate":100,"medical_equipment_amount":100,"tax_rate":0,"invoice_status":"Pending","created_at":"2022-07-24T02:40:20.000Z"},{"id":149,"patient_id":1929,"lead_id":1936,"schedule_id":152182,"schedule_date":"2022-07-22T18:30:00.000Z","medical_equipment_rate":100,"medical_equipment_amount":100,"tax_rate":0,"invoice_status":"Pending","created_at":"2022-07-24T03:16:02.000Z"},{"id":150,"patient_id":810,"lead_id":811,"schedule_id":139002,"schedule_date":"2022-07-22T18:30:00.000Z","medical_equipment_rate":100,"medical_equipment_amount":100,"tax_rate":0,"invoice_status":"Billed","created_at":"2022-07-24T03:16:50.000Z"},{"id":151,"patient_id":810,"lead_id":811,"schedule_id":139002,"schedule_date":"2022-07-22T18:30:00.000Z","medical_equipment_rate":100,"medical_equipment_amount":100,"tax_rate":0,"invoice_status":"Billed","created_at":"2022-07-24T03:18:05.000Z"},{"id":152,"patient_id":765,"lead_id":766,"schedule_id":137901,"schedule_date":"2022-07-19T18:30:00.000Z","medical_equipment_rate":250,"medical_equipment_amount":250,"tax_rate":0,"invoice_status":"Pending","created_at":"2022-07-26T01:24:07.000Z"},{"id":153,"patient_id":3153,"lead_id":3170,"schedule_id":158676,"schedule_date":"2022-07-20T18:30:00.000Z","medical_equipment_rate":250,"medical_equipment_amount":250,"tax_rate":0,"invoice_status":"Pending","created_at":"2022-07-26T01:24:59.000Z"},{"id":154,"patient_id":3128,"lead_id":3145,"schedule_id":155935,"schedule_date":"2022-07-25T18:30:00.000Z","medical_equipment_rate":250,"medical_equipment_amount":250,"tax_rate":0,"invoice_status":"Pending","created_at":"2022-07-26T01:25:34.000Z"},{"id":155,"patient_id":810,"lead_id":811,"schedule_id":139003,"schedule_date":"2022-07-23T18:30:00.000Z","medical_equipment_rate":100,"medical_equipment_amount":100,"tax_rate":0,"invoice_status":"Pending","created_at":"2022-07-26T21:28:03.000Z"},{"id":156,"patient_id":810,"lead_id":811,"schedule_id":139003,"schedule_date":"2022-07-23T18:30:00.000Z","medical_equipment_rate":100,"medical_equipment_amount":100,"tax_rate":0,"invoice_status":"Pending","created_at":"2022-07-26T21:28:37.000Z"},{"id":157,"patient_id":810,"lead_id":811,"schedule_id":139004,"schedule_date":"2022-07-24T18:30:00.000Z","medical_equipment_rate":100,"medical_equipment_amount":100,"tax_rate":0,"invoice_status":"Pending","created_at":"2022-07-26T21:29:28.000Z"},{"id":158,"patient_id":281,"lead_id":282,"schedule_id":139250,"schedule_date":"2022-07-24T18:30:00.000Z","medical_equipment_rate":2000,"medical_equipment_amount":2000,"tax_rate":0,"invoice_status":"Pending","created_at":"2022-08-21T14:05:44.000Z"},{"id":159,"patient_id":4521,"lead_id":4561,"schedule_id":164033,"schedule_date":"2022-08-16T18:30:00.000Z","medical_equipment_rate":1000,"medical_equipment_amount":1000,"tax_rate":0,"invoice_status":"Pending","created_at":"2022-09-06T08:49:08.000Z"},{"id":160,"patient_id":4521,"lead_id":4561,"schedule_id":164034,"schedule_date":"2022-08-17T18:30:00.000Z","medical_equipment_rate":1000,"medical_equipment_amount":1000,"tax_rate":0,"invoice_status":"Pending","created_at":"2022-09-06T08:55:59.000Z"},{"id":161,"patient_id":4521,"lead_id":4561,"schedule_id":164035,"schedule_date":"2022-08-18T18:30:00.000Z","medical_equipment_rate":1000,"medical_equipment_amount":1000,"tax_rate":0,"invoice_status":"Pending","created_at":"2022-09-06T08:57:02.000Z"},{"id":162,"patient_id":4521,"lead_id":4561,"schedule_id":164036,"schedule_date":"2022-08-19T18:30:00.000Z","medical_equipment_rate":1000,"medical_equipment_amount":1000,"tax_rate":0,"invoice_status":"Pending","created_at":"2022-09-06T08:59:29.000Z"},{"id":163,"patient_id":4521,"lead_id":4561,"schedule_id":164037,"schedule_date":"2022-08-20T18:30:00.000Z","medical_equipment_rate":1000,"medical_equipment_amount":1000,"tax_rate":0,"invoice_status":"Pending","created_at":"2022-09-06T09:09:58.000Z"},{"id":164,"patient_id":4521,"lead_id":4561,"schedule_id":164038,"schedule_date":"2022-08-21T18:30:00.000Z","medical_equipment_rate":1000,"medical_equipment_amount":1000,"tax_rate":0,"invoice_status":"Pending","created_at":"2022-09-06T09:20:17.000Z"},{"id":165,"patient_id":4521,"lead_id":4561,"schedule_id":164039,"schedule_date":"2022-08-22T18:30:00.000Z","medical_equipment_rate":1000,"medical_equipment_amount":1000,"tax_rate":0,"invoice_status":"Pending","created_at":"2022-09-06T09:23:35.000Z"},{"id":166,"patient_id":4521,"lead_id":4561,"schedule_id":164040,"schedule_date":"2022-08-23T18:30:00.000Z","medical_equipment_rate":1000,"medical_equipment_amount":1000,"tax_rate":0,"invoice_status":"Pending","created_at":"2022-09-06T09:24:38.000Z"},{"id":167,"patient_id":4521,"lead_id":4561,"schedule_id":164041,"schedule_date":"2022-08-24T18:30:00.000Z","medical_equipment_rate":1000,"medical_equipment_amount":1000,"tax_rate":0,"invoice_status":"Pending","created_at":"2022-09-06T09:28:13.000Z"},{"id":168,"patient_id":4521,"lead_id":4561,"schedule_id":164042,"schedule_date":"2022-08-25T18:30:00.000Z","medical_equipment_rate":1000,"medical_equipment_amount":1000,"tax_rate":0,"invoice_status":"Pending","created_at":"2022-09-06T09:29:56.000Z"},{"id":169,"patient_id":4521,"lead_id":4561,"schedule_id":164043,"schedule_date":"2022-08-26T18:30:00.000Z","medical_equipment_rate":1000,"medical_equipment_amount":1000,"tax_rate":0,"invoice_status":"Pending","created_at":"2022-09-06T09:31:16.000Z"},{"id":170,"patient_id":4521,"lead_id":4561,"schedule_id":164044,"schedule_date":"2022-08-27T18:30:00.000Z","medical_equipment_rate":1000,"medical_equipment_amount":1000,"tax_rate":0,"invoice_status":"Pending","created_at":"2022-09-06T09:33:19.000Z"},{"id":171,"patient_id":4521,"lead_id":4561,"schedule_id":164045,"schedule_date":"2022-08-28T18:30:00.000Z","medical_equipment_rate":1000,"medical_equipment_amount":1000,"tax_rate":0,"invoice_status":"Pending","created_at":"2022-09-06T09:34:38.000Z"},{"id":172,"patient_id":4521,"lead_id":4561,"schedule_id":164046,"schedule_date":"2022-08-29T18:30:00.000Z","medical_equipment_rate":1000,"medical_equipment_amount":1000,"tax_rate":0,"invoice_status":"Pending","created_at":"2022-09-06T09:35:20.000Z"},{"id":173,"patient_id":4521,"lead_id":4561,"schedule_id":164047,"schedule_date":"2022-08-30T18:30:00.000Z","medical_equipment_rate":1000,"medical_equipment_amount":1000,"tax_rate":0,"invoice_status":"Pending","created_at":"2022-09-06T09:37:02.000Z"},{"id":174,"patient_id":4521,"lead_id":4561,"schedule_id":164049,"schedule_date":"2022-09-01T18:30:00.000Z","medical_equipment_rate":1000,"medical_equipment_amount":1000,"tax_rate":0,"invoice_status":"Pending","created_at":"2022-09-06T09:38:52.000Z"},{"id":175,"patient_id":4521,"lead_id":4561,"schedule_id":164048,"schedule_date":"2022-08-31T18:30:00.000Z","medical_equipment_rate":1000,"medical_equipment_amount":1000,"tax_rate":0,"invoice_status":"Pending","created_at":"2022-09-06T09:47:00.000Z"},{"id":176,"patient_id":3405,"lead_id":3425,"schedule_id":158927,"schedule_date":"2022-08-24T18:30:00.000Z","medical_equipment_rate":250,"medical_equipment_amount":250,"tax_rate":0,"invoice_status":"Pending","created_at":"2022-09-08T08:37:51.000Z"},{"id":177,"patient_id":6126,"lead_id":6215,"schedule_id":175667,"schedule_date":"2022-10-03T18:30:00.000Z","medical_equipment_rate":1000,"medical_equipment_amount":1000,"tax_rate":0,"invoice_status":"Pending","created_at":"2022-10-05T03:42:35.000Z"},{"id":178,"patient_id":6126,"lead_id":6215,"schedule_id":175667,"schedule_date":"2022-10-03T18:30:00.000Z","medical_equipment_rate":800,"medical_equipment_amount":800,"tax_rate":0,"invoice_status":"Pending","created_at":"2022-10-05T03:43:32.000Z"},{"id":179,"patient_id":6126,"lead_id":6215,"schedule_id":175667,"schedule_date":"2022-10-03T18:30:00.000Z","medical_equipment_rate":100,"medical_equipment_amount":100,"tax_rate":0,"invoice_status":"Pending","created_at":"2022-10-05T03:44:06.000Z"},{"id":180,"patient_id":6126,"lead_id":6215,"schedule_id":175668,"schedule_date":"2022-10-04T18:30:00.000Z","medical_equipment_rate":800,"medical_equipment_amount":800,"tax_rate":0,"invoice_status":"Pending","created_at":"2022-10-06T02:35:44.000Z"},{"id":181,"patient_id":6126,"lead_id":6215,"schedule_id":175668,"schedule_date":"2022-10-04T18:30:00.000Z","medical_equipment_rate":1000,"medical_equipment_amount":1000,"tax_rate":0,"invoice_status":"Pending","created_at":"2022-10-06T02:36:26.000Z"},{"id":182,"patient_id":6126,"lead_id":6215,"schedule_id":175668,"schedule_date":"2022-10-04T18:30:00.000Z","medical_equipment_rate":100,"medical_equipment_amount":100,"tax_rate":0,"invoice_status":"Pending","created_at":"2022-10-06T02:37:03.000Z"},{"id":183,"patient_id":6126,"lead_id":6215,"schedule_id":175669,"schedule_date":"2022-10-05T18:30:00.000Z","medical_equipment_rate":800,"medical_equipment_amount":800,"tax_rate":0,"invoice_status":"Pending","created_at":"2022-10-07T02:47:40.000Z"},{"id":184,"patient_id":6126,"lead_id":6215,"schedule_id":175669,"schedule_date":"2022-10-05T18:30:00.000Z","medical_equipment_rate":1000,"medical_equipment_amount":1000,"tax_rate":0,"invoice_status":"Pending","created_at":"2022-10-07T02:48:32.000Z"},{"id":185,"patient_id":6126,"lead_id":6215,"schedule_id":175669,"schedule_date":"2022-10-05T18:30:00.000Z","medical_equipment_rate":100,"medical_equipment_amount":100,"tax_rate":0,"invoice_status":"Pending","created_at":"2022-10-07T02:49:38.000Z"},{"id":186,"patient_id":6126,"lead_id":6215,"schedule_id":175670,"schedule_date":"2022-10-06T18:30:00.000Z","medical_equipment_rate":800,"medical_equipment_amount":800,"tax_rate":0,"invoice_status":"Pending","created_at":"2022-10-08T06:49:45.000Z"},{"id":187,"patient_id":6126,"lead_id":6215,"schedule_id":175670,"schedule_date":"2022-10-06T18:30:00.000Z","medical_equipment_rate":1000,"medical_equipment_amount":1000,"tax_rate":0,"invoice_status":"Pending","created_at":"2022-10-08T06:50:14.000Z"},{"id":188,"patient_id":6126,"lead_id":6215,"schedule_id":175670,"schedule_date":"2022-10-06T18:30:00.000Z","medical_equipment_rate":100,"medical_equipment_amount":100,"tax_rate":0,"invoice_status":"Pending","created_at":"2022-10-08T06:51:00.000Z"},{"id":189,"patient_id":6126,"lead_id":6215,"schedule_id":175672,"schedule_date":"2022-10-08T18:30:00.000Z","medical_equipment_rate":800,"medical_equipment_amount":800,"tax_rate":0,"invoice_status":"Pending","created_at":"2022-10-10T09:13:32.000Z"},{"id":190,"patient_id":6126,"lead_id":6215,"schedule_id":175672,"schedule_date":"2022-10-08T18:30:00.000Z","medical_equipment_rate":1000,"medical_equipment_amount":1000,"tax_rate":0,"invoice_status":"Pending","created_at":"2022-10-10T09:14:32.000Z"},{"id":191,"patient_id":6126,"lead_id":6215,"schedule_id":175672,"schedule_date":"2022-10-08T18:30:00.000Z","medical_equipment_rate":100,"medical_equipment_amount":100,"tax_rate":0,"invoice_status":"Pending","created_at":"2022-10-10T09:15:12.000Z"},{"id":192,"patient_id":88,"lead_id":88,"schedule_id":117984,"schedule_date":"2022-10-09T18:30:00.000Z","medical_equipment_rate":600,"medical_equipment_amount":600,"tax_rate":0,"invoice_status":"Pending","created_at":"2022-10-10T23:39:40.000Z"},{"id":193,"patient_id":6126,"lead_id":6215,"schedule_id":175674,"schedule_date":"2022-10-10T18:30:00.000Z","medical_equipment_rate":800,"medical_equipment_amount":800,"tax_rate":0,"invoice_status":"Pending","created_at":"2022-10-11T19:48:35.000Z"},{"id":194,"patient_id":6126,"lead_id":6215,"schedule_id":175674,"schedule_date":"2022-10-10T18:30:00.000Z","medical_equipment_rate":100,"medical_equipment_amount":100,"tax_rate":0,"invoice_status":"Pending","created_at":"2022-10-11T19:49:49.000Z"},{"id":195,"patient_id":88,"lead_id":88,"schedule_id":117985,"schedule_date":"2022-10-10T18:30:00.000Z","medical_equipment_rate":600,"medical_equipment_amount":600,"tax_rate":0,"invoice_status":"Pending","created_at":"2022-10-12T03:07:51.000Z"},{"id":196,"patient_id":88,"lead_id":88,"schedule_id":117986,"schedule_date":"2022-10-11T18:30:00.000Z","medical_equipment_rate":600,"medical_equipment_amount":600,"tax_rate":0,"invoice_status":"Pending","created_at":"2022-10-12T23:30:08.000Z"},{"id":197,"patient_id":6126,"lead_id":6215,"schedule_id":175675,"schedule_date":"2022-10-11T18:30:00.000Z","medical_equipment_rate":1000,"medical_equipment_amount":1000,"tax_rate":0,"invoice_status":"Pending","created_at":"2022-10-13T02:47:41.000Z"},{"id":198,"patient_id":6126,"lead_id":6215,"schedule_id":175675,"schedule_date":"2022-10-11T18:30:00.000Z","medical_equipment_rate":800,"medical_equipment_amount":800,"tax_rate":0,"invoice_status":"Pending","created_at":"2022-10-13T02:48:48.000Z"},{"id":199,"patient_id":6126,"lead_id":6215,"schedule_id":175675,"schedule_date":"2022-10-11T18:30:00.000Z","medical_equipment_rate":100,"medical_equipment_amount":100,"tax_rate":0,"invoice_status":"Pending","created_at":"2022-10-13T02:52:18.000Z"},{"id":200,"patient_id":6126,"lead_id":6215,"schedule_id":175674,"schedule_date":"2022-10-10T18:30:00.000Z","medical_equipment_rate":1000,"medical_equipment_amount":1000,"tax_rate":0,"invoice_status":"Pending","created_at":"2022-10-13T02:54:16.000Z"},{"id":201,"patient_id":88,"lead_id":88,"schedule_id":117988,"schedule_date":"2022-10-13T18:30:00.000Z","medical_equipment_rate":600,"medical_equipment_amount":600,"tax_rate":0,"invoice_status":"Pending","created_at":"2022-10-14T23:19:13.000Z"},{"id":202,"patient_id":6126,"lead_id":6215,"schedule_id":175677,"schedule_date":"2022-10-13T18:30:00.000Z","medical_equipment_rate":800,"medical_equipment_amount":800,"tax_rate":0,"invoice_status":"Pending","created_at":"2022-10-15T08:48:18.000Z"},{"id":203,"patient_id":6126,"lead_id":6215,"schedule_id":175677,"schedule_date":"2022-10-13T18:30:00.000Z","medical_equipment_rate":100,"medical_equipment_amount":100,"tax_rate":0,"invoice_status":"Pending","created_at":"2022-10-15T08:48:45.000Z"},{"id":204,"patient_id":6126,"lead_id":6215,"schedule_id":175677,"schedule_date":"2022-10-13T18:30:00.000Z","medical_equipment_rate":1000,"medical_equipment_amount":1000,"tax_rate":0,"invoice_status":"Pending","created_at":"2022-10-15T08:49:36.000Z"},{"id":205,"patient_id":88,"lead_id":88,"schedule_id":117989,"schedule_date":"2022-10-14T18:30:00.000Z","medical_equipment_rate":600,"medical_equipment_amount":600,"tax_rate":0,"invoice_status":"Pending","created_at":"2022-10-15T23:29:13.000Z"},{"id":206,"patient_id":6126,"lead_id":6215,"schedule_id":175678,"schedule_date":"2022-10-14T18:30:00.000Z","medical_equipment_rate":800,"medical_equipment_amount":800,"tax_rate":0,"invoice_status":"Pending","created_at":"2022-10-16T12:16:16.000Z"},{"id":207,"patient_id":6126,"lead_id":6215,"schedule_id":175678,"schedule_date":"2022-10-14T18:30:00.000Z","medical_equipment_rate":1000,"medical_equipment_amount":1000,"tax_rate":0,"invoice_status":"Pending","created_at":"2022-10-16T12:17:11.000Z"},{"id":208,"patient_id":88,"lead_id":88,"schedule_id":117990,"schedule_date":"2022-10-15T18:30:00.000Z","medical_equipment_rate":600,"medical_equipment_amount":600,"tax_rate":0,"invoice_status":"Pending","created_at":"2022-10-17T06:42:27.000Z"},{"id":209,"patient_id":88,"lead_id":88,"schedule_id":117991,"schedule_date":"2022-10-16T18:30:00.000Z","medical_equipment_rate":600,"medical_equipment_amount":600,"tax_rate":0,"invoice_status":"Pending","created_at":"2022-10-17T23:29:13.000Z"},{"id":210,"patient_id":6126,"lead_id":6215,"schedule_id":175680,"schedule_date":"2022-10-16T18:30:00.000Z","medical_equipment_rate":1000,"medical_equipment_amount":1000,"tax_rate":0,"invoice_status":"Pending","created_at":"2022-10-18T08:51:55.000Z"},{"id":211,"patient_id":6126,"lead_id":6215,"schedule_id":175680,"schedule_date":"2022-10-16T18:30:00.000Z","medical_equipment_rate":800,"medical_equipment_amount":800,"tax_rate":0,"invoice_status":"Pending","created_at":"2022-10-18T08:52:26.000Z"},{"id":212,"patient_id":6126,"lead_id":6215,"schedule_id":175681,"schedule_date":"2022-10-17T18:30:00.000Z","medical_equipment_rate":1000,"medical_equipment_amount":1000,"tax_rate":0,"invoice_status":"Pending","created_at":"2022-10-18T19:32:20.000Z"},{"id":213,"patient_id":6126,"lead_id":6215,"schedule_id":175681,"schedule_date":"2022-10-17T18:30:00.000Z","medical_equipment_rate":800,"medical_equipment_amount":800,"tax_rate":0,"invoice_status":"Pending","created_at":"2022-10-18T19:33:15.000Z"},{"id":214,"patient_id":6126,"lead_id":6215,"schedule_id":175681,"schedule_date":"2022-10-17T18:30:00.000Z","medical_equipment_rate":100,"medical_equipment_amount":100,"tax_rate":0,"invoice_status":"Pending","created_at":"2022-10-18T19:33:45.000Z"},{"id":215,"patient_id":88,"lead_id":88,"schedule_id":117992,"schedule_date":"2022-10-17T18:30:00.000Z","medical_equipment_rate":600,"medical_equipment_amount":600,"tax_rate":0,"invoice_status":"Pending","created_at":"2022-10-19T06:31:02.000Z"},{"id":216,"patient_id":88,"lead_id":88,"schedule_id":117994,"schedule_date":"2022-10-19T18:30:00.000Z","medical_equipment_rate":500,"medical_equipment_amount":500,"tax_rate":0,"invoice_status":"Pending","created_at":"2022-10-20T23:52:59.000Z"},{"id":217,"patient_id":6126,"lead_id":6215,"schedule_id":175680,"schedule_date":"2022-10-16T18:30:00.000Z","medical_equipment_rate":100,"medical_equipment_amount":100,"tax_rate":0,"invoice_status":"Pending","created_at":"2022-10-21T19:03:35.000Z"},{"id":218,"patient_id":6126,"lead_id":6215,"schedule_id":175679,"schedule_date":"2022-10-15T18:30:00.000Z","medical_equipment_rate":1000,"medical_equipment_amount":1000,"tax_rate":0,"invoice_status":"Pending","created_at":"2022-10-21T19:04:12.000Z"},{"id":219,"patient_id":6126,"lead_id":6215,"schedule_id":175679,"schedule_date":"2022-10-15T18:30:00.000Z","medical_equipment_rate":800,"medical_equipment_amount":800,"tax_rate":0,"invoice_status":"Pending","created_at":"2022-10-21T19:04:45.000Z"},{"id":220,"patient_id":6126,"lead_id":6215,"schedule_id":175679,"schedule_date":"2022-10-15T18:30:00.000Z","medical_equipment_rate":100,"medical_equipment_amount":100,"tax_rate":0,"invoice_status":"Pending","created_at":"2022-10-21T19:05:18.000Z"},{"id":221,"patient_id":6126,"lead_id":6215,"schedule_id":175665,"schedule_date":"2022-10-01T18:30:00.000Z","medical_equipment_rate":1000,"medical_equipment_amount":1000,"tax_rate":0,"invoice_status":"Pending","created_at":"2022-10-21T19:06:40.000Z"},{"id":222,"patient_id":6126,"lead_id":6215,"schedule_id":175665,"schedule_date":"2022-10-01T18:30:00.000Z","medical_equipment_rate":800,"medical_equipment_amount":800,"tax_rate":0,"invoice_status":"Pending","created_at":"2022-10-21T19:07:09.000Z"},{"id":223,"patient_id":6126,"lead_id":6215,"schedule_id":175665,"schedule_date":"2022-10-01T18:30:00.000Z","medical_equipment_rate":100,"medical_equipment_amount":100,"tax_rate":0,"invoice_status":"Pending","created_at":"2022-10-21T19:07:38.000Z"},{"id":224,"patient_id":6126,"lead_id":6215,"schedule_id":175666,"schedule_date":"2022-10-02T18:30:00.000Z","medical_equipment_rate":1000,"medical_equipment_amount":1000,"tax_rate":0,"invoice_status":"Pending","created_at":"2022-10-21T19:08:14.000Z"},{"id":225,"patient_id":6126,"lead_id":6215,"schedule_id":175666,"schedule_date":"2022-10-02T18:30:00.000Z","medical_equipment_rate":800,"medical_equipment_amount":800,"tax_rate":0,"invoice_status":"Pending","created_at":"2022-10-21T19:08:44.000Z"},{"id":226,"patient_id":6126,"lead_id":6215,"schedule_id":175666,"schedule_date":"2022-10-02T18:30:00.000Z","medical_equipment_rate":100,"medical_equipment_amount":100,"tax_rate":0,"invoice_status":"Pending","created_at":"2022-10-21T19:09:11.000Z"},{"id":227,"patient_id":6126,"lead_id":6215,"schedule_id":175671,"schedule_date":"2022-10-07T18:30:00.000Z","medical_equipment_rate":1000,"medical_equipment_amount":1000,"tax_rate":0,"invoice_status":"Pending","created_at":"2022-10-21T19:24:41.000Z"},{"id":228,"patient_id":6126,"lead_id":6215,"schedule_id":175671,"schedule_date":"2022-10-07T18:30:00.000Z","medical_equipment_rate":800,"medical_equipment_amount":800,"tax_rate":0,"invoice_status":"Pending","created_at":"2022-10-21T19:25:05.000Z"},{"id":229,"patient_id":6126,"lead_id":6215,"schedule_id":175671,"schedule_date":"2022-10-07T18:30:00.000Z","medical_equipment_rate":100,"medical_equipment_amount":100,"tax_rate":0,"invoice_status":"Pending","created_at":"2022-10-21T19:27:27.000Z"},{"id":230,"patient_id":6126,"lead_id":6215,"schedule_id":175673,"schedule_date":"2022-10-09T18:30:00.000Z","medical_equipment_rate":1000,"medical_equipment_amount":1000,"tax_rate":0,"invoice_status":"Pending","created_at":"2022-10-21T19:30:30.000Z"},{"id":231,"patient_id":6126,"lead_id":6215,"schedule_id":175673,"schedule_date":"2022-10-09T18:30:00.000Z","medical_equipment_rate":800,"medical_equipment_amount":800,"tax_rate":0,"invoice_status":"Pending","created_at":"2022-10-21T19:30:55.000Z"},{"id":232,"patient_id":6126,"lead_id":6215,"schedule_id":175673,"schedule_date":"2022-10-09T18:30:00.000Z","medical_equipment_rate":100,"medical_equipment_amount":100,"tax_rate":0,"invoice_status":"Pending","created_at":"2022-10-21T19:31:21.000Z"},{"id":233,"patient_id":6126,"lead_id":6215,"schedule_id":175676,"schedule_date":"2022-10-12T18:30:00.000Z","medical_equipment_rate":1000,"medical_equipment_amount":1000,"tax_rate":0,"invoice_status":"Pending","created_at":"2022-10-21T19:32:20.000Z"},{"id":234,"patient_id":6126,"lead_id":6215,"schedule_id":175676,"schedule_date":"2022-10-12T18:30:00.000Z","medical_equipment_rate":800,"medical_equipment_amount":800,"tax_rate":0,"invoice_status":"Pending","created_at":"2022-10-21T19:32:46.000Z"},{"id":235,"patient_id":6126,"lead_id":6215,"schedule_id":175676,"schedule_date":"2022-10-12T18:30:00.000Z","medical_equipment_rate":100,"medical_equipment_amount":100,"tax_rate":0,"invoice_status":"Pending","created_at":"2022-10-21T19:33:58.000Z"},{"id":236,"patient_id":6126,"lead_id":6215,"schedule_id":175678,"schedule_date":"2022-10-14T18:30:00.000Z","medical_equipment_rate":100,"medical_equipment_amount":100,"tax_rate":0,"invoice_status":"Pending","created_at":"2022-10-21T19:37:58.000Z"},{"id":237,"patient_id":6126,"lead_id":6215,"schedule_id":175682,"schedule_date":"2022-10-18T18:30:00.000Z","medical_equipment_rate":1000,"medical_equipment_amount":1000,"tax_rate":0,"invoice_status":"Pending","created_at":"2022-10-21T19:39:14.000Z"},{"id":238,"patient_id":6126,"lead_id":6215,"schedule_id":175682,"schedule_date":"2022-10-18T18:30:00.000Z","medical_equipment_rate":800,"medical_equipment_amount":800,"tax_rate":0,"invoice_status":"Pending","created_at":"2022-10-21T19:39:40.000Z"},{"id":239,"patient_id":6126,"lead_id":6215,"schedule_id":175682,"schedule_date":"2022-10-18T18:30:00.000Z","medical_equipment_rate":100,"medical_equipment_amount":100,"tax_rate":0,"invoice_status":"Pending","created_at":"2022-10-21T19:40:11.000Z"},{"id":240,"patient_id":6126,"lead_id":6215,"schedule_id":175683,"schedule_date":"2022-10-19T18:30:00.000Z","medical_equipment_rate":1000,"medical_equipment_amount":1000,"tax_rate":0,"invoice_status":"Pending","created_at":"2022-10-21T19:43:16.000Z"},{"id":241,"patient_id":6126,"lead_id":6215,"schedule_id":175683,"schedule_date":"2022-10-19T18:30:00.000Z","medical_equipment_rate":800,"medical_equipment_amount":800,"tax_rate":0,"invoice_status":"Pending","created_at":"2022-10-21T19:43:42.000Z"},{"id":242,"patient_id":6126,"lead_id":6215,"schedule_id":175683,"schedule_date":"2022-10-19T18:30:00.000Z","medical_equipment_rate":100,"medical_equipment_amount":100,"tax_rate":0,"invoice_status":"Pending","created_at":"2022-10-21T19:44:12.000Z"},{"id":243,"patient_id":6126,"lead_id":6215,"schedule_id":175684,"schedule_date":"2022-10-20T18:30:00.000Z","medical_equipment_rate":1000,"medical_equipment_amount":1000,"tax_rate":0,"invoice_status":"Pending","created_at":"2022-10-21T19:47:27.000Z"},{"id":244,"patient_id":6126,"lead_id":6215,"schedule_id":175684,"schedule_date":"2022-10-20T18:30:00.000Z","medical_equipment_rate":800,"medical_equipment_amount":800,"tax_rate":0,"invoice_status":"Pending","created_at":"2022-10-21T19:47:51.000Z"},{"id":245,"patient_id":6352,"lead_id":6443,"schedule_id":180872,"schedule_date":"2022-10-20T18:30:00.000Z","medical_equipment_rate":1000,"medical_equipment_amount":1000,"tax_rate":0,"invoice_status":"Pending","created_at":"2022-10-21T21:19:16.000Z"},{"id":246,"patient_id":6352,"lead_id":6443,"schedule_id":180872,"schedule_date":"2022-10-20T18:30:00.000Z","medical_equipment_rate":800,"medical_equipment_amount":800,"tax_rate":0,"invoice_status":"Pending","created_at":"2022-10-21T21:20:01.000Z"},{"id":247,"patient_id":6352,"lead_id":6443,"schedule_id":180872,"schedule_date":"2022-10-20T18:30:00.000Z","medical_equipment_rate":100,"medical_equipment_amount":100,"tax_rate":0,"invoice_status":"Pending","created_at":"2022-10-21T21:20:35.000Z"},{"id":248,"patient_id":6126,"lead_id":6215,"schedule_id":175685,"schedule_date":"2022-10-21T18:30:00.000Z","medical_equipment_rate":1000,"medical_equipment_amount":1000,"tax_rate":0,"invoice_status":"Pending","created_at":"2022-10-22T21:34:54.000Z"},{"id":249,"patient_id":6126,"lead_id":6215,"schedule_id":175685,"schedule_date":"2022-10-21T18:30:00.000Z","medical_equipment_rate":800,"medical_equipment_amount":800,"tax_rate":0,"invoice_status":"Pending","created_at":"2022-10-22T21:35:59.000Z"},{"id":250,"patient_id":6126,"lead_id":6215,"schedule_id":175685,"schedule_date":"2022-10-21T18:30:00.000Z","medical_equipment_rate":100,"medical_equipment_amount":100,"tax_rate":0,"invoice_status":"Pending","created_at":"2022-10-22T21:36:26.000Z"},{"id":251,"patient_id":6126,"lead_id":6215,"schedule_id":175686,"schedule_date":"2022-10-22T18:30:00.000Z","medical_equipment_rate":1000,"medical_equipment_amount":1000,"tax_rate":0,"invoice_status":"Pending","created_at":"2022-10-24T09:16:29.000Z"},{"id":252,"patient_id":6126,"lead_id":6215,"schedule_id":175686,"schedule_date":"2022-10-22T18:30:00.000Z","medical_equipment_rate":1000,"medical_equipment_amount":1000,"tax_rate":0,"invoice_status":"Pending","created_at":"2022-10-24T09:18:50.000Z"},{"id":253,"patient_id":6126,"lead_id":6215,"schedule_id":175689,"schedule_date":"2022-10-25T18:30:00.000Z","medical_equipment_rate":1000,"medical_equipment_amount":1000,"tax_rate":0,"invoice_status":"Pending","created_at":"2022-10-27T05:44:06.000Z"},{"id":254,"patient_id":6126,"lead_id":6215,"schedule_id":175691,"schedule_date":"2022-10-27T18:30:00.000Z","medical_equipment_rate":1000,"medical_equipment_amount":1000,"tax_rate":0,"invoice_status":"Pending","created_at":"2022-10-29T00:34:15.000Z"},{"id":255,"patient_id":6126,"lead_id":6215,"schedule_id":175691,"schedule_date":"2022-10-27T18:30:00.000Z","medical_equipment_rate":800,"medical_equipment_amount":800,"tax_rate":0,"invoice_status":"Pending","created_at":"2022-10-29T00:35:24.000Z"},{"id":256,"patient_id":6126,"lead_id":6215,"schedule_id":175691,"schedule_date":"2022-10-27T18:30:00.000Z","medical_equipment_rate":100,"medical_equipment_amount":100,"tax_rate":0,"invoice_status":"Pending","created_at":"2022-10-29T00:36:11.000Z"},{"id":257,"patient_id":6126,"lead_id":6215,"schedule_id":175695,"schedule_date":"2022-10-31T18:30:00.000Z","medical_equipment_rate":800,"medical_equipment_amount":800,"tax_rate":0,"invoice_status":"Pending","created_at":"2022-11-02T05:43:53.000Z"},{"id":258,"patient_id":6126,"lead_id":6215,"schedule_id":175695,"schedule_date":"2022-10-31T18:30:00.000Z","medical_equipment_rate":1000,"medical_equipment_amount":1000,"tax_rate":0,"invoice_status":"Pending","created_at":"2022-11-02T05:44:24.000Z"},{"id":259,"patient_id":6744,"lead_id":6842,"schedule_id":181337,"schedule_date":"2022-10-31T18:30:00.000Z","medical_equipment_rate":100,"medical_equipment_amount":100,"tax_rate":0,"invoice_status":"Pending","created_at":"2022-11-02T05:49:29.000Z"},{"id":260,"patient_id":6126,"lead_id":6215,"schedule_id":175697,"schedule_date":"2022-11-02T18:30:00.000Z","medical_equipment_rate":500,"medical_equipment_amount":500,"tax_rate":0,"invoice_status":"Pending","created_at":"2022-11-03T16:37:37.000Z"},{"id":261,"patient_id":6126,"lead_id":6215,"schedule_id":175697,"schedule_date":"2022-11-02T18:30:00.000Z","medical_equipment_rate":800,"medical_equipment_amount":800,"tax_rate":0,"invoice_status":"Pending","created_at":"2022-11-03T16:38:15.000Z"},{"id":262,"patient_id":88,"lead_id":88,"schedule_id":118019,"schedule_date":"2022-11-13T18:30:00.000Z","medical_equipment_rate":1000,"medical_equipment_amount":1000,"tax_rate":0,"invoice_status":"Pending","created_at":"2022-11-14T23:00:32.000Z"},{"id":263,"patient_id":88,"lead_id":88,"schedule_id":118022,"schedule_date":"2022-11-16T18:30:00.000Z","medical_equipment_rate":800,"medical_equipment_amount":800,"tax_rate":0,"invoice_status":"Pending","created_at":"2022-11-18T07:45:17.000Z"},{"id":264,"patient_id":88,"lead_id":88,"schedule_id":118023,"schedule_date":"2022-11-17T18:30:00.000Z","medical_equipment_rate":800,"medical_equipment_amount":800,"tax_rate":0,"invoice_status":"Pending","created_at":"2022-11-18T23:03:08.000Z"},{"id":265,"patient_id":88,"lead_id":88,"schedule_id":118026,"schedule_date":"2022-11-20T18:30:00.000Z","medical_equipment_rate":600,"medical_equipment_amount":600,"tax_rate":0,"invoice_status":"Pending","created_at":"2022-11-21T23:29:58.000Z"},{"id":266,"patient_id":88,"lead_id":88,"schedule_id":118030,"schedule_date":"2022-11-24T18:30:00.000Z","medical_equipment_rate":600,"medical_equipment_amount":600,"tax_rate":0,"invoice_status":"Pending","created_at":"2022-11-25T21:46:26.000Z"},{"id":267,"patient_id":88,"lead_id":88,"schedule_id":118031,"schedule_date":"2022-11-25T18:30:00.000Z","medical_equipment_rate":600,"medical_equipment_amount":600,"tax_rate":0,"invoice_status":"Pending","created_at":"2022-11-26T22:08:21.000Z"},{"id":268,"patient_id":88,"lead_id":88,"schedule_id":118033,"schedule_date":"2022-11-27T18:30:00.000Z","medical_equipment_rate":500,"medical_equipment_amount":500,"tax_rate":0,"invoice_status":"Pending","created_at":"2022-11-28T22:06:35.000Z"},{"id":269,"patient_id":88,"lead_id":88,"schedule_id":118034,"schedule_date":"2022-11-28T18:30:00.000Z","medical_equipment_rate":500,"medical_equipment_amount":500,"tax_rate":0,"invoice_status":"Pending","created_at":"2022-11-29T22:54:04.000Z"},{"id":270,"patient_id":88,"lead_id":88,"schedule_id":118035,"schedule_date":"2022-11-29T18:30:00.000Z","medical_equipment_rate":600,"medical_equipment_amount":600,"tax_rate":0,"invoice_status":"Pending","created_at":"2022-11-30T22:09:16.000Z"},{"id":271,"patient_id":88,"lead_id":88,"schedule_id":118036,"schedule_date":"2022-11-30T18:30:00.000Z","medical_equipment_rate":600,"medical_equipment_amount":600,"tax_rate":0,"invoice_status":"Pending","created_at":"2022-12-01T21:53:26.000Z"},{"id":272,"patient_id":88,"lead_id":88,"schedule_id":118038,"schedule_date":"2022-12-02T18:30:00.000Z","medical_equipment_rate":600,"medical_equipment_amount":600,"tax_rate":0,"invoice_status":"Pending","created_at":"2022-12-03T21:56:14.000Z"}]