[{"id":1,"patient_id":141,"lead_id":142,"schedule_id":62936,"schedule_date":"2021-12-21T18:30:00.000Z","personal_care_rate":600,"personal_care_amount":0,"tax_rate":0,"invoice_status":"Pending","created_at":"2021-12-22T11:33:26.000Z"},{"id":2,"patient_id":141,"lead_id":142,"schedule_id":62936,"schedule_date":"2021-12-21T18:30:00.000Z","personal_care_rate":600,"personal_care_amount":0,"tax_rate":0,"invoice_status":"Billed","created_at":"2021-12-22T11:38:20.000Z"},{"id":3,"patient_id":8447,"lead_id":8566,"schedule_id":189187,"schedule_date":"2022-12-15T18:30:00.000Z","personal_care_rate":300,"personal_care_amount":300,"tax_rate":0,"invoice_status":"Billed","created_at":"2022-12-16T10:02:45.000Z"},{"id":4,"patient_id":440,"lead_id":441,"schedule_id":135652,"schedule_date":"2023-05-06T18:30:00.000Z","personal_care_rate":500,"personal_care_amount":500,"tax_rate":0,"invoice_status":"Pending","created_at":"2023-05-07T13:58:14.000Z"}]