[
    {
        "id": "1",
        "patient_id": "141",
        "lead_id": "142",
        "schedule_id": "62936",
        "schedule_date": "2021-12-22",
        "personal_care_rate": "600.00",
        "personal_care_amount": "0.00",
        "tax_rate": "0.00",
        "invoice_status": "Pending",
        "created_at": "2021-12-22 17:03:26"
    },
    {
        "id": "2",
        "patient_id": "141",
        "lead_id": "142",
        "schedule_id": "62936",
        "schedule_date": "2021-12-22",
        "personal_care_rate": "600.00",
        "personal_care_amount": "0.00",
        "tax_rate": "0.00",
        "invoice_status": "Billed",
        "created_at": "2021-12-22 17:08:20"
    },
    {
        "id": "3",
        "patient_id": "7341",
        "lead_id": "7446",
        "schedule_id": "185848",
        "schedule_date": "2022-12-18",
        "personal_care_rate": "200.00",
        "personal_care_amount": "200.00",
        "tax_rate": "0.00",
        "invoice_status": "Pending",
        "created_at": "2022-12-18 19:36:05"
    },
    {
        "id": "4",
        "patient_id": "11449",
        "lead_id": "13308",
        "schedule_id": "229574",
        "schedule_date": "2023-04-22",
        "personal_care_rate": "500.00",
        "personal_care_amount": "500.00",
        "tax_rate": "0.00",
        "invoice_status": "Pending",
        "created_at": "2023-04-23 01:47:53"
    },
    {
        "id": "5",
        "patient_id": "4810",
        "lead_id": "4860",
        "schedule_id": "195835",
        "schedule_date": "2023-04-22",
        "personal_care_rate": "500.00",
        "personal_care_amount": "500.00",
        "tax_rate": "0.00",
        "invoice_status": "Billed",
        "created_at": "2023-04-23 01:49:07"
    },
    {
        "id": "6",
        "patient_id": "8224",
        "lead_id": "8716",
        "schedule_id": "213856",
        "schedule_date": "2023-04-22",
        "personal_care_rate": "500.00",
        "personal_care_amount": "500.00",
        "tax_rate": "0.00",
        "invoice_status": "Pending",
        "created_at": "2023-04-23 01:50:43"
    },
    {
        "id": "7",
        "patient_id": "13385",
        "lead_id": "13601",
        "schedule_id": "240833",
        "schedule_date": "2023-04-22",
        "personal_care_rate": "500.00",
        "personal_care_amount": "500.00",
        "tax_rate": "0.00",
        "invoice_status": "Pending",
        "created_at": "2023-04-23 01:53:11"
    },
    {
        "id": "8",
        "patient_id": "7149",
        "lead_id": "7252",
        "schedule_id": "198277",
        "schedule_date": "2023-04-22",
        "personal_care_rate": "500.00",
        "personal_care_amount": "500.00",
        "tax_rate": "0.00",
        "invoice_status": "Pending",
        "created_at": "2023-04-23 01:54:12"
    },
    {
        "id": "12",
        "patient_id": "13783",
        "lead_id": "14022",
        "schedule_id": "244632",
        "schedule_date": "2023-04-22",
        "personal_care_rate": "500.00",
        "personal_care_amount": "500.00",
        "tax_rate": "0.00",
        "invoice_status": "Pending",
        "created_at": "2023-04-23 01:58:55"
    },
    {
        "id": "15",
        "patient_id": "7211",
        "lead_id": "7315",
        "schedule_id": "200143",
        "schedule_date": "2023-04-22",
        "personal_care_rate": "500.00",
        "personal_care_amount": "500.00",
        "tax_rate": "0.00",
        "invoice_status": "Pending",
        "created_at": "2023-04-23 02:03:24"
    },
    {
        "id": "16",
        "patient_id": "2401",
        "lead_id": "2412",
        "schedule_id": "194477",
        "schedule_date": "2023-04-22",
        "personal_care_rate": "500.00",
        "personal_care_amount": "500.00",
        "tax_rate": "0.00",
        "invoice_status": "Pending",
        "created_at": "2023-04-23 02:04:36"
    },
    {
        "id": "17",
        "patient_id": "2401",
        "lead_id": "2412",
        "schedule_id": "194477",
        "schedule_date": "2023-04-22",
        "personal_care_rate": "500.00",
        "personal_care_amount": "500.00",
        "tax_rate": "0.00",
        "invoice_status": "Pending",
        "created_at": "2023-04-23 02:05:16"
    },
    {
        "id": "19",
        "patient_id": "9420",
        "lead_id": "9556",
        "schedule_id": "197891",
        "schedule_date": "2023-04-22",
        "personal_care_rate": "500.00",
        "personal_care_amount": "500.00",
        "tax_rate": "0.00",
        "invoice_status": "Pending",
        "created_at": "2023-04-23 02:08:09"
    },
    {
        "id": "21",
        "patient_id": "4576",
        "lead_id": "4619",
        "schedule_id": "195049",
        "schedule_date": "2023-04-22",
        "personal_care_rate": "500.00",
        "personal_care_amount": "500.00",
        "tax_rate": "0.00",
        "invoice_status": "Pending",
        "created_at": "2023-04-23 02:16:54"
    },
    {
        "id": "26",
        "patient_id": "4576",
        "lead_id": "4619",
        "schedule_id": "195050",
        "schedule_date": "2023-04-23",
        "personal_care_rate": "500.00",
        "personal_care_amount": "500.00",
        "tax_rate": "0.00",
        "invoice_status": "Pending",
        "created_at": "2023-04-24 01:12:15"
    },
    {
        "id": "29",
        "patient_id": "2401",
        "lead_id": "2412",
        "schedule_id": "194478",
        "schedule_date": "2023-04-23",
        "personal_care_rate": "500.00",
        "personal_care_amount": "500.00",
        "tax_rate": "0.00",
        "invoice_status": "Pending",
        "created_at": "2023-04-24 01:19:40"
    },
    {
        "id": "32",
        "patient_id": "13783",
        "lead_id": "14022",
        "schedule_id": "244633",
        "schedule_date": "2023-04-23",
        "personal_care_rate": "500.00",
        "personal_care_amount": "500.00",
        "tax_rate": "0.00",
        "invoice_status": "Pending",
        "created_at": "2023-04-24 01:29:35"
    },
    {
        "id": "33",
        "patient_id": "8224",
        "lead_id": "8716",
        "schedule_id": "213857",
        "schedule_date": "2023-04-23",
        "personal_care_rate": "500.00",
        "personal_care_amount": "500.00",
        "tax_rate": "0.00",
        "invoice_status": "Pending",
        "created_at": "2023-04-24 01:31:38"
    },
    {
        "id": "34",
        "patient_id": "12746",
        "lead_id": "12952",
        "schedule_id": "220761",
        "schedule_date": "2023-04-23",
        "personal_care_rate": "500.00",
        "personal_care_amount": "500.00",
        "tax_rate": "0.00",
        "invoice_status": "Pending",
        "created_at": "2023-04-24 01:32:52"
    },
    {
        "id": "38",
        "patient_id": "13101",
        "lead_id": "13312",
        "schedule_id": "229161",
        "schedule_date": "2023-04-23",
        "personal_care_rate": "500.00",
        "personal_care_amount": "500.00",
        "tax_rate": "0.00",
        "invoice_status": "Pending",
        "created_at": "2023-04-24 01:40:47"
    },
    {
        "id": "40",
        "patient_id": "7211",
        "lead_id": "7315",
        "schedule_id": "200144",
        "schedule_date": "2023-04-23",
        "personal_care_rate": "500.00",
        "personal_care_amount": "500.00",
        "tax_rate": "0.00",
        "invoice_status": "Pending",
        "created_at": "2023-04-24 01:43:46"
    },
    {
        "id": "41",
        "patient_id": "4810",
        "lead_id": "4860",
        "schedule_id": "195836",
        "schedule_date": "2023-04-23",
        "personal_care_rate": "500.00",
        "personal_care_amount": "500.00",
        "tax_rate": "0.00",
        "invoice_status": "Billed",
        "created_at": "2023-04-24 01:44:24"
    },
    {
        "id": "43",
        "patient_id": "7149",
        "lead_id": "7252",
        "schedule_id": "198278",
        "schedule_date": "2023-04-23",
        "personal_care_rate": "500.00",
        "personal_care_amount": "500.00",
        "tax_rate": "0.00",
        "invoice_status": "Pending",
        "created_at": "2023-04-24 01:46:30"
    },
    {
        "id": "44",
        "patient_id": "239",
        "lead_id": "240",
        "schedule_id": "156250",
        "schedule_date": "2023-05-06",
        "personal_care_rate": "500.00",
        "personal_care_amount": "500.00",
        "tax_rate": "0.00",
        "invoice_status": "Pending",
        "created_at": "2023-05-06 11:32:02"
    },
    {
        "id": "45",
        "patient_id": "239",
        "lead_id": "240",
        "schedule_id": "156252",
        "schedule_date": "2023-05-08",
        "personal_care_rate": "150.00",
        "personal_care_amount": "150.00",
        "tax_rate": "0.00",
        "invoice_status": "Pending",
        "created_at": "2023-05-08 15:50:09"
    },
    {
        "id": "46",
        "patient_id": "15601",
        "lead_id": "15897",
        "schedule_id": "257594",
        "schedule_date": "2023-06-26",
        "personal_care_rate": "200.00",
        "personal_care_amount": "200.00",
        "tax_rate": "0.00",
        "invoice_status": "Billed",
        "created_at": "2023-07-04 13:20:08"
    },
    {
        "id": "47",
        "patient_id": "15894",
        "lead_id": "16196",
        "schedule_id": "259645",
        "schedule_date": "2023-06-26",
        "personal_care_rate": "200.00",
        "personal_care_amount": "200.00",
        "tax_rate": "0.00",
        "invoice_status": "Pending",
        "created_at": "2023-07-04 13:24:57"
    }
]